policy,seed,n_observations,identified,correct,replicated,scenario,success
random,0,3,True,True,True,0,True
random,1,3,True,True,True,0,True
random,2,3,True,True,True,0,True
random,3,3,True,True,True,0,True
random,4,3,True,True,True,0,True
random,5,3,True,True,True,0,True
random,6,3,True,True,True,0,True
random,7,3,True,True,True,0,True
random,8,3,True,True,False,0,False
random,9,3,True,True,True,0,True
random,10,3,True,True,True,0,True
random,11,3,True,True,False,0,False
random,12,3,True,True,False,0,False
random,13,3,True,True,True,0,True
random,14,3,True,True,True,0,True
random,15,3,True,True,True,0,True
random,16,3,True,True,True,0,True
random,17,3,True,True,True,0,True
random,18,3,True,True,True,0,True
random,19,7,True,True,True,0,True
random,20,3,True,True,True,0,True
random,21,3,True,True,True,0,True
random,22,3,True,True,False,0,False
random,23,3,True,True,True,0,True
random,24,3,True,True,True,0,True
random,25,3,True,True,False,0,False
random,26,3,True,True,True,0,True
random,27,3,True,True,True,0,True
random,28,3,True,True,False,0,False
random,29,3,True,True,False,0,False
random,30,3,True,True,True,0,True
random,31,3,True,True,False,0,False
random,32,3,True,True,True,0,True
random,33,3,True,True,True,0,True
random,34,3,True,True,True,0,True
random,35,3,True,True,True,0,True
random,36,5,True,True,False,0,False
random,37,4,True,True,True,0,True
random,38,3,True,True,True,0,True
random,39,3,True,True,True,0,True
random,40,3,True,True,False,0,False
random,41,3,True,True,True,0,True
random,42,3,True,True,False,0,False
random,43,3,True,True,True,0,True
random,44,3,True,True,False,0,False
random,45,3,True,True,True,0,True
random,46,3,True,True,True,0,True
random,47,3,True,True,True,0,True
random,48,3,True,True,False,0,False
random,49,3,True,True,True,0,True
random,50,3,True,True,True,0,True
random,51,3,True,True,True,0,True
random,52,3,True,True,True,0,True
random,53,3,True,True,True,0,True
random,54,3,True,True,True,0,True
random,55,3,True,True,True,0,True
random,56,3,True,True,True,0,True
random,57,3,True,True,True,0,True
random,58,3,True,True,False,0,False
random,59,3,True,True,False,0,False
random,60,3,True,True,True,0,True
random,61,3,True,True,True,0,True
random,62,3,True,True,True,0,True
random,63,3,True,True,True,0,True
random,64,3,True,True,True,0,True
random,65,3,True,True,True,0,True
random,66,3,True,True,True,0,True
random,67,3,True,True,False,0,False
random,68,3,True,True,True,0,True
random,69,3,True,True,True,0,True
random,70,3,True,True,True,0,True
random,71,5,True,True,True,0,True
random,72,3,True,True,False,0,False
random,73,3,True,True,True,0,True
random,74,3,True,True,False,0,False
random,75,3,True,True,True,0,True
random,76,3,True,True,True,0,True
random,77,3,True,True,False,0,False
random,78,3,True,True,True,0,True
random,79,3,True,True,True,0,True
random,80,3,True,True,True,0,True
random,81,3,True,False,False,0,False
random,82,3,True,True,True,0,True
random,83,3,True,True,True,0,True
random,84,3,True,True,True,0,True
random,85,3,True,True,True,0,True
random,86,3,True,True,True,0,True
random,87,3,True,True,True,0,True
random,88,3,True,True,True,0,True
random,89,3,True,True,True,0,True
random,90,3,True,True,True,0,True
random,91,3,True,True,False,0,False
random,92,3,True,True,True,0,True
random,93,3,True,True,False,0,False
random,94,3,True,True,True,0,True
random,95,3,True,True,False,0,False
random,96,3,True,True,True,0,True
random,97,3,True,True,False,0,False
random,98,3,True,True,True,0,True
random,99,3,True,True,True,0,True
greedy,0,3,True,True,True,0,True
greedy,1,3,True,True,True,0,True
greedy,2,3,True,True,False,0,False
greedy,3,3,True,True,True,0,True
greedy,4,3,True,True,True,0,True
greedy,5,3,True,True,True,0,True
greedy,6,3,True,True,True,0,True
greedy,7,3,True,True,True,0,True
greedy,8,3,True,True,True,0,True
greedy,9,3,True,True,True,0,True
greedy,10,3,True,True,True,0,True
greedy,11,3,True,True,True,0,True
greedy,12,3,True,True,False,0,False
greedy,13,3,True,True,True,0,True
greedy,14,3,True,True,True,0,True
greedy,15,3,True,True,True,0,True
greedy,16,3,True,True,True,0,True
greedy,17,3,True,True,True,0,True
greedy,18,3,True,True,True,0,True
greedy,19,3,True,True,True,0,True
greedy,20,3,True,True,True,0,True
greedy,21,3,True,True,True,0,True
greedy,22,3,True,True,True,0,True
greedy,23,3,True,True,True,0,True
greedy,24,3,True,True,True,0,True
greedy,25,3,True,True,False,0,False
greedy,26,5,True,True,True,0,True
greedy,27,3,True,True,True,0,True
greedy,28,3,True,True,True,0,True
greedy,29,3,True,True,True,0,True
greedy,30,3,True,True,True,0,True
greedy,31,3,True,True,False,0,False
greedy,32,3,True,True,True,0,True
greedy,33,3,True,True,True,0,True
greedy,34,3,True,True,True,0,True
greedy,35,3,True,True,True,0,True
greedy,36,6,True,True,True,0,True
greedy,37,3,True,True,True,0,True
greedy,38,3,True,True,True,0,True
greedy,39,3,True,True,True,0,True
greedy,40,8,True,True,True,0,True
greedy,41,3,True,True,False,0,False
greedy,42,3,True,True,False,0,False
greedy,43,3,True,True,True,0,True
greedy,44,3,True,True,True,0,True
greedy,45,3,True,True,True,0,True
greedy,46,3,True,True,True,0,True
greedy,47,3,True,True,True,0,True
greedy,48,3,True,True,True,0,True
greedy,49,3,True,True,True,0,True
greedy,50,3,True,True,True,0,True
greedy,51,5,True,True,False,0,False
greedy,52,3,True,True,False,0,False
greedy,53,3,True,True,True,0,True
greedy,54,3,True,True,True,0,True
greedy,55,3,True,True,True,0,True
greedy,56,3,True,True,True,0,True
greedy,57,3,True,True,True,0,True
greedy,58,3,True,True,True,0,True
greedy,59,3,True,True,True,0,True
greedy,60,3,True,True,True,0,True
greedy,61,3,True,True,True,0,True
greedy,62,3,True,True,False,0,False
greedy,63,3,True,True,True,0,True
greedy,64,3,True,True,False,0,False
greedy,65,3,True,True,True,0,True
greedy,66,3,True,True,True,0,True
greedy,67,3,True,True,True,0,True
greedy,68,3,True,True,True,0,True
greedy,69,3,True,True,False,0,False
greedy,70,3,True,True,False,0,False
greedy,71,3,True,True,True,0,True
greedy,72,3,True,True,False,0,False
greedy,73,3,True,True,True,0,True
greedy,74,3,True,True,False,0,False
greedy,75,3,True,True,True,0,True
greedy,76,3,True,True,True,0,True
greedy,77,3,True,True,True,0,True
greedy,78,3,True,True,True,0,True
greedy,79,3,True,True,True,0,True
greedy,80,3,True,True,True,0,True
greedy,81,3,True,True,True,0,True
greedy,82,3,True,True,False,0,False
greedy,83,6,True,True,True,0,True
greedy,84,3,True,True,True,0,True
greedy,85,3,True,True,True,0,True
greedy,86,3,True,True,True,0,True
greedy,87,3,True,True,True,0,True
greedy,88,3,True,True,True,0,True
greedy,89,3,True,True,True,0,True
greedy,90,3,True,True,True,0,True
greedy,91,3,True,True,True,0,True
greedy,92,3,True,True,True,0,True
greedy,93,3,True,True,True,0,True
greedy,94,3,True,True,True,0,True
greedy,95,3,True,True,True,0,True
greedy,96,3,True,True,False,0,False
greedy,97,3,True,True,True,0,True
greedy,98,3,True,True,False,0,False
greedy,99,3,True,True,False,0,False
attn,0,3,True,True,True,0,True
attn,1,3,True,True,True,0,True
attn,2,3,True,True,True,0,True
attn,3,3,True,True,True,0,True
attn,4,3,True,True,True,0,True
attn,5,3,True,True,True,0,True
attn,6,3,True,True,True,0,True
attn,7,3,True,True,True,0,True
attn,8,3,True,True,True,0,True
attn,9,3,True,True,True,0,True
attn,10,3,True,True,True,0,True
attn,11,3,True,True,True,0,True
attn,12,3,True,True,False,0,False
attn,13,3,True,True,True,0,True
attn,14,3,True,True,True,0,True
attn,15,3,True,True,True,0,True
attn,16,3,True,True,True,0,True
attn,17,3,True,True,True,0,True
attn,18,3,True,True,True,0,True
attn,19,3,True,True,True,0,True
attn,20,3,True,True,True,0,True
attn,21,3,True,True,True,0,True
attn,22,3,True,True,True,0,True
attn,23,3,True,True,True,0,True
attn,24,3,True,True,True,0,True
attn,25,3,True,True,False,0,False
attn,26,5,True,True,True,0,True
attn,27,3,True,True,True,0,True
attn,28,3,True,True,True,0,True
attn,29,3,True,True,True,0,True
attn,30,3,True,True,True,0,True
attn,31,3,True,True,False,0,False
attn,32,3,True,True,True,0,True
attn,33,3,True,True,True,0,True
attn,34,3,True,True,False,0,False
attn,35,3,True,True,True,0,True
attn,36,3,True,True,True,0,True
attn,37,3,True,True,True,0,True
attn,38,3,True,True,True,0,True
attn,39,3,True,True,True,0,True
attn,40,3,True,True,False,0,False
attn,41,3,True,False,False,0,False
attn,42,3,True,True,False,0,False
attn,43,3,True,True,True,0,True
attn,44,3,True,True,True,0,True
attn,45,3,True,True,True,0,True
attn,46,3,True,True,True,0,True
attn,47,3,True,True,True,0,True
attn,48,3,True,True,True,0,True
attn,49,3,True,True,True,0,True
attn,50,3,True,True,True,0,True
attn,51,3,True,True,True,0,True
attn,52,3,True,True,True,0,True
attn,53,3,True,True,True,0,True
attn,54,3,True,True,True,0,True
attn,55,3,True,True,True,0,True
attn,56,3,True,True,True,0,True
attn,57,3,True,True,True,0,True
attn,58,3,True,True,True,0,True
attn,59,3,True,True,True,0,True
attn,60,3,True,True,True,0,True
attn,61,3,True,True,True,0,True
attn,62,3,True,True,False,0,False
attn,63,3,True,True,True,0,True
attn,64,3,True,True,True,0,True
attn,65,3,True,True,True,0,True
attn,66,3,True,True,True,0,True
attn,67,3,True,True,True,0,True
attn,68,3,True,True,True,0,True
attn,69,3,True,True,True,0,True
attn,70,3,True,True,True,0,True
attn,71,3,True,True,True,0,True
attn,72,3,True,True,False,0,False
attn,73,4,True,True,True,0,True
attn,74,3,True,True,True,0,True
attn,75,3,True,True,True,0,True
attn,76,3,True,True,True,0,True
attn,77,3,True,True,True,0,True
attn,78,3,True,True,True,0,True
attn,79,3,True,True,True,0,True
attn,80,3,True,True,True,0,True
attn,81,3,True,True,True,0,True
attn,82,3,True,True,False,0,False
attn,83,3,True,True,False,0,False
attn,84,3,True,True,True,0,True
attn,85,3,True,True,True,0,True
attn,86,3,True,True,True,0,True
attn,87,3,True,True,True,0,True
attn,88,3,True,True,True,0,True
attn,89,3,True,True,True,0,True
attn,90,3,True,True,True,0,True
attn,91,3,True,True,False,0,False
attn,92,3,True,True,False,0,False
attn,93,3,True,True,False,0,False
attn,94,3,True,True,True,0,True
attn,95,3,True,True,True,0,True
attn,96,3,True,True,True,0,True
attn,97,3,True,True,True,0,True
attn,98,3,True,True,True,0,True
attn,99,3,True,True,True,0,True
random,0,3,True,True,True,1,True
random,1,3,True,True,True,1,True
random,2,4,True,True,False,1,False
random,3,3,True,True,True,1,True
random,4,3,True,True,True,1,True
random,5,3,True,True,True,1,True
random,6,3,True,True,True,1,True
random,7,3,True,True,True,1,True
random,8,3,True,True,True,1,True
random,9,3,True,True,True,1,True
random,10,3,True,True,True,1,True
random,11,3,True,False,False,1,False
random,12,3,True,True,True,1,True
random,13,3,True,True,True,1,True
random,14,3,True,True,True,1,True
random,15,3,True,True,False,1,False
random,16,5,True,True,True,1,True
random,17,3,True,True,True,1,True
random,18,3,True,False,False,1,False
random,19,3,True,True,True,1,True
random,20,4,True,True,True,1,True
random,21,3,True,True,True,1,True
random,22,3,True,True,False,1,False
random,23,4,True,True,True,1,True
random,24,3,True,True,True,1,True
random,25,3,True,False,False,1,False
random,26,3,True,True,True,1,True
random,27,5,True,False,False,1,False
random,28,3,True,True,True,1,True
random,29,3,True,True,False,1,False
random,30,3,True,True,True,1,True
random,31,3,True,True,False,1,False
random,32,3,True,True,True,1,True
random,33,3,True,True,True,1,True
random,34,6,True,True,True,1,True
random,35,6,True,True,True,1,True
random,36,3,True,True,False,1,False
random,37,4,True,True,True,1,True
random,38,5,True,True,True,1,True
random,39,3,True,True,True,1,True
random,40,6,True,True,True,1,True
random,41,3,True,True,True,1,True
random,42,3,True,True,False,1,False
random,43,6,True,True,True,1,True
random,44,4,True,True,True,1,True
random,45,3,True,True,True,1,True
random,46,6,True,True,True,1,True
random,47,3,True,True,True,1,True
random,48,4,True,True,True,1,True
random,49,4,True,True,True,1,True
random,50,3,True,True,True,1,True
random,51,3,True,True,True,1,True
random,52,3,True,True,True,1,True
random,53,3,True,True,True,1,True
random,54,4,True,True,True,1,True
random,55,3,True,True,True,1,True
random,56,5,True,True,True,1,True
random,57,5,True,True,True,1,True
random,58,3,True,True,True,1,True
random,59,3,True,True,False,1,False
random,60,5,True,True,True,1,True
random,61,3,True,True,True,1,True
random,62,3,True,True,False,1,False
random,63,3,True,True,True,1,True
random,64,3,True,True,True,1,True
random,65,3,True,True,True,1,True
random,66,3,True,True,True,1,True
random,67,3,True,True,False,1,False
random,68,4,True,True,True,1,True
random,69,5,True,True,True,1,True
random,70,3,True,True,True,1,True
random,71,4,True,True,True,1,True
random,72,3,True,True,True,1,True
random,73,3,True,True,True,1,True
random,74,6,True,True,True,1,True
random,75,3,True,True,False,1,False
random,76,3,True,True,True,1,True
random,77,3,True,True,True,1,True
random,78,4,True,True,True,1,True
random,79,5,True,True,True,1,True
random,80,6,True,True,True,1,True
random,81,3,True,True,False,1,False
random,82,3,True,True,True,1,True
random,83,3,True,True,True,1,True
random,84,3,True,True,True,1,True
random,85,3,True,True,True,1,True
random,86,3,True,True,True,1,True
random,87,3,True,True,True,1,True
random,88,4,True,True,True,1,True
random,89,6,True,True,False,1,False
random,90,3,True,True,True,1,True
random,91,3,True,True,False,1,False
random,92,3,True,True,True,1,True
random,93,3,True,True,False,1,False
random,94,3,True,True,True,1,True
random,95,4,True,True,True,1,True
random,96,3,True,True,True,1,True
random,97,3,True,True,False,1,False
random,98,3,True,True,True,1,True
random,99,3,True,True,True,1,True
greedy,0,3,True,True,True,1,True
greedy,1,3,True,True,True,1,True
greedy,2,3,True,True,True,1,True
greedy,3,3,True,True,True,1,True
greedy,4,3,True,True,True,1,True
greedy,5,3,True,True,True,1,True
greedy,6,3,True,True,True,1,True
greedy,7,3,True,True,True,1,True
greedy,8,3,True,True,True,1,True
greedy,9,3,True,True,True,1,True
greedy,10,3,True,True,True,1,True
greedy,11,3,True,True,True,1,True
greedy,12,3,True,True,True,1,True
greedy,13,3,True,True,True,1,True
greedy,14,3,True,True,True,1,True
greedy,15,3,True,True,True,1,True
greedy,16,3,True,True,True,1,True
greedy,17,3,True,True,True,1,True
greedy,18,3,True,True,True,1,True
greedy,19,3,True,True,True,1,True
greedy,20,3,True,True,True,1,True
greedy,21,3,True,True,False,1,False
greedy,22,3,True,True,True,1,True
greedy,23,3,True,True,True,1,True
greedy,24,3,True,True,True,1,True
greedy,25,3,True,True,True,1,True
greedy,26,3,True,True,True,1,True
greedy,27,3,True,True,False,1,False
greedy,28,3,True,True,True,1,True
greedy,29,3,True,True,True,1,True
greedy,30,3,True,True,True,1,True
greedy,31,3,True,True,False,1,False
greedy,32,3,True,True,True,1,True
greedy,33,3,True,True,True,1,True
greedy,34,5,True,True,True,1,True
greedy,35,3,True,True,True,1,True
greedy,36,3,True,True,True,1,True
greedy,37,3,True,True,True,1,True
greedy,38,3,True,True,True,1,True
greedy,39,3,True,True,True,1,True
greedy,40,5,True,True,False,1,False
greedy,41,3,True,True,False,1,False
greedy,42,3,True,True,False,1,False
greedy,43,3,True,True,True,1,True
greedy,44,3,True,True,False,1,False
greedy,45,3,True,True,True,1,True
greedy,46,3,True,True,True,1,True
greedy,47,3,True,True,True,1,True
greedy,48,3,True,True,True,1,True
greedy,49,3,True,True,True,1,True
greedy,50,3,True,True,True,1,True
greedy,51,4,True,True,True,1,True
greedy,52,3,True,True,True,1,True
greedy,53,3,True,True,True,1,True
greedy,54,3,True,True,True,1,True
greedy,55,3,True,True,True,1,True
greedy,56,3,True,True,True,1,True
greedy,57,3,True,True,True,1,True
greedy,58,3,True,True,True,1,True
greedy,59,3,True,True,True,1,True
greedy,60,4,True,True,True,1,True
greedy,61,3,True,True,True,1,True
greedy,62,3,True,True,False,1,False
greedy,63,3,True,True,False,1,False
greedy,64,3,True,True,True,1,True
greedy,65,3,True,True,True,1,True
greedy,66,3,True,True,False,1,False
greedy,67,3,True,True,True,1,True
greedy,68,3,True,True,True,1,True
greedy,69,3,True,True,True,1,True
greedy,70,3,True,True,False,1,False
greedy,71,3,True,True,True,1,True
greedy,72,3,True,True,True,1,True
greedy,73,3,True,True,True,1,True
greedy,74,3,True,True,True,1,True
greedy,75,3,True,True,True,1,True
greedy,76,3,True,True,True,1,True
greedy,77,3,True,True,True,1,True
greedy,78,3,True,True,True,1,True
greedy,79,3,True,True,True,1,True
greedy,80,3,True,True,True,1,True
greedy,81,3,True,True,False,1,False
greedy,82,3,True,True,False,1,False
greedy,83,5,True,True,True,1,True
greedy,84,3,True,True,True,1,True
greedy,85,3,True,True,True,1,True
greedy,86,3,True,True,True,1,True
greedy,87,3,True,True,True,1,True
greedy,88,3,True,True,True,1,True
greedy,89,3,True,True,True,1,True
greedy,90,3,True,True,True,1,True
greedy,91,3,True,True,True,1,True
greedy,92,3,True,True,True,1,True
greedy,93,3,True,True,False,1,False
greedy,94,3,True,True,True,1,True
greedy,95,3,True,True,True,1,True
greedy,96,3,True,True,True,1,True
greedy,97,3,True,True,True,1,True
greedy,98,3,True,True,True,1,True
greedy,99,3,True,True,True,1,True
attn,0,3,True,True,True,1,True
attn,1,3,True,True,True,1,True
attn,2,3,True,True,True,1,True
attn,3,3,True,True,True,1,True
attn,4,3,True,True,True,1,True
attn,5,3,True,True,True,1,True
attn,6,3,True,True,True,1,True
attn,7,3,True,True,True,1,True
attn,8,3,True,True,True,1,True
attn,9,3,True,True,True,1,True
attn,10,3,True,True,True,1,True
attn,11,3,True,True,True,1,True
attn,12,3,True,True,True,1,True
attn,13,3,True,True,True,1,True
attn,14,3,True,True,True,1,True
attn,15,3,True,True,True,1,True
attn,16,3,True,True,True,1,True
attn,17,3,True,True,True,1,True
attn,18,3,True,True,True,1,True
attn,19,3,True,True,True,1,True
attn,20,3,True,True,True,1,True
attn,21,3,True,True,True,1,True
attn,22,3,True,True,True,1,True
attn,23,3,True,True,True,1,True
attn,24,3,True,True,True,1,True
attn,25,3,True,True,True,1,True
attn,26,3,True,True,True,1,True
attn,27,3,True,True,True,1,True
attn,28,3,True,True,True,1,True
attn,29,3,True,True,True,1,True
attn,30,3,True,True,True,1,True
attn,31,3,True,True,False,1,False
attn,32,3,True,True,True,1,True
attn,33,3,True,True,True,1,True
attn,34,3,True,True,True,1,True
attn,35,3,True,True,True,1,True
attn,36,4,True,True,False,1,False
attn,37,3,True,True,True,1,True
attn,38,3,True,True,True,1,True
attn,39,3,True,True,True,1,True
attn,40,3,True,True,False,1,False
attn,41,3,True,True,False,1,False
attn,42,3,True,True,False,1,False
attn,43,3,True,True,True,1,True
attn,44,3,True,True,True,1,True
attn,45,4,True,True,True,1,True
attn,46,3,True,True,True,1,True
attn,47,3,True,True,True,1,True
attn,48,3,True,True,True,1,True
attn,49,3,True,True,True,1,True
attn,50,3,True,True,True,1,True
attn,51,3,True,True,True,1,True
attn,52,3,True,True,True,1,True
attn,53,3,True,True,True,1,True
attn,54,3,True,True,True,1,True
attn,55,3,True,True,True,1,True
attn,56,3,True,True,True,1,True
attn,57,3,True,True,True,1,True
attn,58,3,True,True,True,1,True
attn,59,3,True,True,True,1,True
attn,60,3,True,True,True,1,True
attn,61,3,True,True,True,1,True
attn,62,3,True,True,False,1,False
attn,63,3,True,True,True,1,True
attn,64,3,True,True,True,1,True
attn,65,3,True,True,True,1,True
attn,66,3,True,True,True,1,True
attn,67,3,True,True,True,1,True
attn,68,3,True,True,True,1,True
attn,69,3,True,True,True,1,True
attn,70,3,True,True,False,1,False
attn,71,3,True,True,True,1,True
attn,72,3,True,True,True,1,True
attn,73,3,True,True,True,1,True
attn,74,3,True,True,True,1,True
attn,75,3,True,True,True,1,True
attn,76,3,True,True,True,1,True
attn,77,3,True,True,True,1,True
attn,78,3,True,True,True,1,True
attn,79,3,True,True,True,1,True
attn,80,3,True,True,True,1,True
attn,81,3,True,True,True,1,True
attn,82,3,True,True,False,1,False
attn,83,3,True,True,True,1,True
attn,84,3,True,True,True,1,True
attn,85,3,True,True,True,1,True
attn,86,3,True,True,True,1,True
attn,87,3,True,True,True,1,True
attn,88,3,True,True,True,1,True
attn,89,3,True,True,True,1,True
attn,90,3,True,True,False,1,False
attn,91,3,True,True,False,1,False
attn,92,3,True,True,True,1,True
attn,93,3,True,True,False,1,False
attn,94,3,True,True,True,1,True
attn,95,3,True,True,True,1,True
attn,96,3,True,True,True,1,True
attn,97,3,True,True,True,1,True
attn,98,3,True,True,True,1,True
attn,99,3,True,True,True,1,True
random,0,7,True,True,True,2,True
random,1,7,True,True,True,2,True
random,2,5,True,True,True,2,True
random,3,5,True,True,True,2,True
random,4,3,True,True,True,2,True
random,5,11,True,True,True,2,True
random,6,5,True,True,True,2,True
random,7,3,True,True,True,2,True
random,8,7,True,True,True,2,True
random,9,5,True,True,True,2,True
random,10,7,True,True,True,2,True
random,11,5,True,False,False,2,False
random,12,3,True,True,True,2,True
random,13,3,True,True,True,2,True
random,14,6,True,True,True,2,True
random,15,4,True,True,True,2,True
random,16,3,True,True,True,2,True
random,17,6,True,True,True,2,True
random,18,4,True,True,True,2,True
random,19,4,True,True,True,2,True
random,20,3,True,True,True,2,True
random,21,5,True,True,True,2,True
random,22,7,True,True,True,2,True
random,23,12,True,True,True,2,True
random,24,3,True,True,True,2,True
random,25,4,True,True,True,2,True
random,26,11,True,True,True,2,True
random,27,8,True,True,True,2,True
random,28,5,True,True,True,2,True
random,29,3,True,True,True,2,True
random,30,7,True,True,True,2,True
random,31,4,True,True,False,2,False
random,32,5,True,True,True,2,True
random,33,3,True,True,True,2,True
random,34,7,True,True,True,2,True
random,35,4,True,True,True,2,True
random,36,4,True,True,True,2,True
random,37,4,True,True,True,2,True
random,38,4,True,True,True,2,True
random,39,3,True,True,True,2,True
random,40,14,True,True,True,2,True
random,41,3,True,True,False,2,False
random,42,5,True,True,False,2,False
random,43,7,True,True,True,2,True
random,44,6,True,True,True,2,True
random,45,3,True,True,True,2,True
random,46,3,True,True,True,2,True
random,47,3,True,False,False,2,False
random,48,8,True,True,True,2,True
random,49,14,True,True,True,2,True
random,50,21,True,True,True,2,True
random,51,4,True,True,True,2,True
random,52,4,True,True,True,2,True
random,53,3,True,True,True,2,True
random,54,4,True,True,True,2,True
random,55,5,True,True,True,2,True
random,56,5,True,True,True,2,True
random,57,9,True,True,True,2,True
random,58,5,True,True,True,2,True
random,59,3,True,True,True,2,True
random,60,10,True,True,True,2,True
random,61,4,True,True,True,2,True
random,62,4,True,True,True,2,True
random,63,4,True,False,False,2,False
random,64,3,True,True,True,2,True
random,65,7,True,True,True,2,True
random,66,3,True,True,True,2,True
random,67,5,True,True,True,2,True
random,68,4,True,True,True,2,True
random,69,6,True,True,True,2,True
random,70,6,True,True,True,2,True
random,71,3,True,True,True,2,True
random,72,7,True,True,True,2,True
random,73,3,True,True,True,2,True
random,74,4,True,True,True,2,True
random,75,3,True,False,False,2,False
random,76,5,True,True,True,2,True
random,77,5,True,True,True,2,True
random,78,4,True,True,True,2,True
random,79,6,True,True,True,2,True
random,80,6,True,True,True,2,True
random,81,4,True,False,False,2,False
random,82,3,True,True,True,2,True
random,83,3,True,True,True,2,True
random,84,4,True,True,True,2,True
random,85,5,True,True,True,2,True
random,86,14,True,True,True,2,True
random,87,7,True,True,True,2,True
random,88,3,True,True,True,2,True
random,89,5,True,True,True,2,True
random,90,10,True,True,True,2,True
random,91,7,True,True,True,2,True
random,92,3,True,True,True,2,True
random,93,3,True,True,True,2,True
random,94,6,True,True,True,2,True
random,95,3,True,True,True,2,True
random,96,3,True,True,True,2,True
random,97,4,True,False,False,2,False
random,98,5,True,True,True,2,True
random,99,5,True,True,True,2,True
greedy,0,4,True,True,True,2,True
greedy,1,7,True,True,True,2,True
greedy,2,4,True,True,True,2,True
greedy,3,4,True,True,True,2,True
greedy,4,3,True,True,True,2,True
greedy,5,11,True,True,True,2,True
greedy,6,3,True,True,True,2,True
greedy,7,6,True,True,True,2,True
greedy,8,3,True,False,False,2,False
greedy,9,8,True,True,True,2,True
greedy,10,3,True,True,True,2,True
greedy,11,4,True,True,True,2,True
greedy,12,3,True,True,True,2,True
greedy,13,7,True,True,True,2,True
greedy,14,5,True,True,True,2,True
greedy,15,6,True,True,True,2,True
greedy,16,3,True,True,True,2,True
greedy,17,7,True,True,True,2,True
greedy,18,3,True,True,True,2,True
greedy,19,3,True,True,True,2,True
greedy,20,4,True,True,True,2,True
greedy,21,9,True,True,True,2,True
greedy,22,6,True,True,True,2,True
greedy,23,10,True,True,True,2,True
greedy,24,4,True,True,True,2,True
greedy,25,3,True,True,True,2,True
greedy,26,4,True,True,True,2,True
greedy,27,8,True,True,True,2,True
greedy,28,5,True,True,True,2,True
greedy,29,3,True,True,True,2,True
greedy,30,3,True,True,True,2,True
greedy,31,4,True,True,False,2,False
greedy,32,5,True,True,True,2,True
greedy,33,4,True,True,True,2,True
greedy,34,3,True,True,True,2,True
greedy,35,3,True,True,True,2,True
greedy,36,3,True,True,True,2,True
greedy,37,3,True,True,True,2,True
greedy,38,5,True,True,True,2,True
greedy,39,3,True,True,True,2,True
greedy,40,5,True,True,True,2,True
greedy,41,3,True,True,False,2,False
greedy,42,6,True,True,False,2,False
greedy,43,3,True,True,True,2,True
greedy,44,4,True,True,True,2,True
greedy,45,4,True,True,True,2,True
greedy,46,3,True,True,True,2,True
greedy,47,5,True,True,True,2,True
greedy,48,3,True,True,True,2,True
greedy,49,4,True,True,True,2,True
greedy,50,3,True,True,True,2,True
greedy,51,3,True,True,True,2,True
greedy,52,5,True,True,True,2,True
greedy,53,6,True,True,True,2,True
greedy,54,4,True,True,True,2,True
greedy,55,4,True,True,True,2,True
greedy,56,3,True,True,True,2,True
greedy,57,10,True,True,True,2,True
greedy,58,3,True,True,True,2,True
greedy,59,3,True,True,True,2,True
greedy,60,3,True,True,True,2,True
greedy,61,8,True,True,True,2,True
greedy,62,5,True,True,True,2,True
greedy,63,3,True,False,False,2,False
greedy,64,3,True,True,True,2,True
greedy,65,3,True,True,True,2,True
greedy,66,4,True,True,True,2,True
greedy,67,5,True,True,True,2,True
greedy,68,4,True,True,True,2,True
greedy,69,3,True,True,True,2,True
greedy,70,6,True,True,True,2,True
greedy,71,3,True,True,True,2,True
greedy,72,3,True,True,True,2,True
greedy,73,3,True,True,True,2,True
greedy,74,3,True,True,True,2,True
greedy,75,4,True,True,True,2,True
greedy,76,7,True,True,True,2,True
greedy,77,9,True,True,True,2,True
greedy,78,3,True,True,True,2,True
greedy,79,5,True,True,True,2,True
greedy,80,3,True,True,True,2,True
greedy,81,5,True,True,True,2,True
greedy,82,6,True,True,True,2,True
greedy,83,3,True,True,True,2,True
greedy,84,3,True,True,True,2,True
greedy,85,8,True,True,True,2,True
greedy,86,5,True,True,True,2,True
greedy,87,3,True,True,True,2,True
greedy,88,3,True,True,True,2,True
greedy,89,3,True,True,True,2,True
greedy,90,3,True,True,True,2,True
greedy,91,3,True,True,True,2,True
greedy,92,6,True,True,True,2,True
greedy,93,3,True,True,True,2,True
greedy,94,3,True,True,True,2,True
greedy,95,4,True,True,True,2,True
greedy,96,11,True,True,True,2,True
greedy,97,3,True,True,True,2,True
greedy,98,4,True,True,True,2,True
greedy,99,3,True,True,True,2,True
attn,0,3,True,True,True,2,True
attn,1,6,True,True,True,2,True
attn,2,3,True,True,True,2,True
attn,3,3,True,True,True,2,True
attn,4,3,True,True,True,2,True
attn,5,7,True,True,True,2,True
attn,6,3,True,True,True,2,True
attn,7,5,True,True,True,2,True
attn,8,6,True,True,True,2,True
attn,9,5,True,True,True,2,True
attn,10,6,True,True,True,2,True
attn,11,3,True,True,True,2,True
attn,12,4,True,True,True,2,True
attn,13,10,True,True,True,2,True
attn,14,3,True,True,True,2,True
attn,15,4,True,True,True,2,True
attn,16,4,True,True,True,2,True
attn,17,3,True,True,True,2,True
attn,18,3,True,True,True,2,True
attn,19,3,True,True,True,2,True
attn,20,3,True,True,True,2,True
attn,21,5,True,True,True,2,True
attn,22,4,True,True,True,2,True
attn,23,3,True,False,False,2,False
attn,24,3,True,True,True,2,True
attn,25,3,True,True,True,2,True
attn,26,11,True,True,True,2,True
attn,27,12,True,True,True,2,True
attn,28,3,True,True,True,2,True
attn,29,3,True,True,True,2,True
attn,30,3,True,True,True,2,True
attn,31,3,True,True,False,2,False
attn,32,3,True,True,True,2,True
attn,33,3,True,True,True,2,True
attn,34,5,True,True,True,2,True
attn,35,3,True,True,True,2,True
attn,36,3,True,True,True,2,True
attn,37,3,True,True,True,2,True
attn,38,3,True,True,True,2,True
attn,39,4,True,True,True,2,True
attn,40,3,True,True,True,2,True
attn,41,3,True,True,False,2,False
attn,42,5,True,True,False,2,False
attn,43,3,True,True,True,2,True
attn,44,5,True,True,True,2,True
attn,45,3,True,True,True,2,True
attn,46,3,True,True,True,2,True
attn,47,3,True,True,True,2,True
attn,48,3,True,True,True,2,True
attn,49,3,True,True,True,2,True
attn,50,3,True,True,True,2,True
attn,51,4,True,True,True,2,True
attn,52,3,True,True,True,2,True
attn,53,3,True,True,True,2,True
attn,54,3,True,True,True,2,True
attn,55,3,True,True,True,2,True
attn,56,5,True,True,True,2,True
attn,57,7,True,True,True,2,True
attn,58,4,True,True,True,2,True
attn,59,3,True,True,True,2,True
attn,60,4,True,True,True,2,True
attn,61,3,True,True,True,2,True
attn,62,4,True,True,True,2,True
attn,63,3,True,False,False,2,False
attn,64,3,True,True,True,2,True
attn,65,3,True,True,True,2,True
attn,66,3,True,True,True,2,True
attn,67,3,True,True,True,2,True
attn,68,3,True,True,True,2,True
attn,69,3,True,True,True,2,True
attn,70,7,True,True,True,2,True
attn,71,3,True,True,True,2,True
attn,72,3,True,True,True,2,True
attn,73,3,True,True,True,2,True
attn,74,3,True,True,True,2,True
attn,75,3,True,True,True,2,True
attn,76,6,True,True,True,2,True
attn,77,5,True,True,True,2,True
attn,78,6,True,True,True,2,True
attn,79,4,True,True,True,2,True
attn,80,3,True,True,True,2,True
attn,81,6,True,True,True,2,True
attn,82,3,True,True,True,2,True
attn,83,3,True,True,True,2,True
attn,84,3,True,True,True,2,True
attn,85,4,True,True,True,2,True
attn,86,24,False,False,False,2,False
attn,87,4,True,True,True,2,True
attn,88,3,True,True,True,2,True
attn,89,3,True,True,True,2,True
attn,90,3,True,True,True,2,True
attn,91,6,True,True,True,2,True
attn,92,3,True,True,False,2,False
attn,93,3,True,True,True,2,True
attn,94,3,True,True,True,2,True
attn,95,3,True,True,True,2,True
attn,96,5,True,True,True,2,True
attn,97,3,True,True,True,2,True
attn,98,3,True,True,True,2,True
attn,99,3,True,True,True,2,True
random,0,3,True,True,True,3,True
random,1,4,True,True,True,3,True
random,2,11,True,True,True,3,True
random,3,4,True,True,True,3,True
random,4,5,True,True,True,3,True
random,5,4,True,True,True,3,True
random,6,14,True,True,True,3,True
random,7,3,True,True,True,3,True
random,8,17,True,True,True,3,True
random,9,6,True,True,True,3,True
random,10,6,True,True,True,3,True
random,11,5,True,False,False,3,False
random,12,3,True,True,True,3,True
random,13,4,True,True,True,3,True
random,14,10,True,True,True,3,True
random,15,12,True,True,True,3,True
random,16,4,True,True,True,3,True
random,17,6,True,True,True,3,True
random,18,6,True,False,False,3,False
random,19,8,True,True,True,3,True
random,20,11,True,True,True,3,True
random,21,6,True,True,True,3,True
random,22,13,True,True,True,3,True
random,23,7,True,True,True,3,True
random,24,4,True,True,True,3,True
random,25,7,True,True,True,3,True
random,26,10,True,True,True,3,True
random,27,12,True,False,True,3,False
random,28,5,True,True,True,3,True
random,29,3,True,True,False,3,False
random,30,12,True,True,True,3,True
random,31,3,True,True,False,3,False
random,32,3,True,True,True,3,True
random,33,5,True,True,True,3,True
random,34,10,True,True,True,3,True
random,35,5,True,True,True,3,True
random,36,9,True,True,True,3,True
random,37,13,True,True,True,3,True
random,38,7,True,True,True,3,True
random,39,5,True,True,True,3,True
random,40,6,True,True,True,3,True
random,41,3,True,True,True,3,True
random,42,5,True,True,False,3,False
random,43,8,True,True,True,3,True
random,44,6,True,True,True,3,True
random,45,3,True,True,True,3,True
random,46,3,True,True,True,3,True
random,47,14,True,True,True,3,True
random,48,10,True,True,True,3,True
random,49,10,True,True,True,3,True
random,50,3,True,True,True,3,True
random,51,4,True,True,True,3,True
random,52,12,True,True,True,3,True
random,53,3,True,True,False,3,False
random,54,5,True,True,True,3,True
random,55,7,True,True,True,3,True
random,56,3,True,True,True,3,True
random,57,6,True,True,True,3,True
random,58,5,True,True,True,3,True
random,59,3,True,True,False,3,False
random,60,7,True,True,True,3,True
random,61,11,True,True,True,3,True
random,62,8,True,True,True,3,True
random,63,13,True,True,True,3,True
random,64,3,True,True,True,3,True
random,65,13,True,True,True,3,True
random,66,3,True,True,True,3,True
random,67,5,True,True,True,3,True
random,68,3,True,True,True,3,True
random,69,11,True,True,True,3,True
random,70,21,True,True,True,3,True
random,71,3,True,True,True,3,True
random,72,5,True,True,True,3,True
random,73,3,True,True,True,3,True
random,74,8,True,True,True,3,True
random,75,9,True,True,True,3,True
random,76,8,True,True,True,3,True
random,77,7,True,False,True,3,False
random,78,5,True,True,True,3,True
random,79,11,True,True,True,3,True
random,80,8,True,False,True,3,False
random,81,5,True,False,False,3,False
random,82,3,True,True,True,3,True
random,83,7,True,True,True,3,True
random,84,4,True,True,True,3,True
random,85,3,True,True,True,3,True
random,86,12,True,True,True,3,True
random,87,22,True,True,True,3,True
random,88,6,True,True,True,3,True
random,89,16,True,True,True,3,True
random,90,13,True,True,True,3,True
random,91,12,True,True,True,3,True
random,92,9,True,True,True,3,True
random,93,3,True,True,False,3,False
random,94,7,True,False,True,3,False
random,95,10,True,True,True,3,True
random,96,3,True,True,True,3,True
random,97,3,True,False,False,3,False
random,98,5,True,True,True,3,True
random,99,8,True,True,True,3,True
greedy,0,4,True,True,True,3,True
greedy,1,7,True,True,True,3,True
greedy,2,4,True,True,False,3,False
greedy,3,24,False,False,False,3,False
greedy,4,3,True,True,True,3,True
greedy,5,7,True,True,True,3,True
greedy,6,3,True,True,True,3,True
greedy,7,3,True,True,True,3,True
greedy,8,9,True,True,True,3,True
greedy,9,6,True,True,True,3,True
greedy,10,4,True,True,True,3,True
greedy,11,6,True,True,True,3,True
greedy,12,3,True,True,True,3,True
greedy,13,4,True,True,True,3,True
greedy,14,4,True,True,True,3,True
greedy,15,6,True,False,True,3,False
greedy,16,3,True,True,True,3,True
greedy,17,4,True,False,True,3,False
greedy,18,3,True,True,True,3,True
greedy,19,3,True,True,True,3,True
greedy,20,4,True,True,True,3,True
greedy,21,5,True,True,True,3,True
greedy,22,18,True,True,True,3,True
greedy,23,6,True,True,True,3,True
greedy,24,3,True,True,True,3,True
greedy,25,3,True,True,True,3,True
greedy,26,6,True,True,True,3,True
greedy,27,7,True,True,True,3,True
greedy,28,4,True,True,True,3,True
greedy,29,3,True,True,False,3,False
greedy,30,7,True,True,True,3,True
greedy,31,3,True,True,False,3,False
greedy,32,4,True,True,True,3,True
greedy,33,7,True,True,True,3,True
greedy,34,3,True,True,True,3,True
greedy,35,4,True,True,True,3,True
greedy,36,3,True,True,True,3,True
greedy,37,4,True,True,True,3,True
greedy,38,4,True,True,True,3,True
greedy,39,3,True,True,True,3,True
greedy,40,3,True,True,True,3,True
greedy,41,3,True,True,False,3,False
greedy,42,4,True,True,False,3,False
greedy,43,3,True,True,True,3,True
greedy,44,4,True,True,True,3,True
greedy,45,3,True,True,True,3,True
greedy,46,3,True,True,True,3,True
greedy,47,4,True,True,True,3,True
greedy,48,3,True,True,True,3,True
greedy,49,5,True,True,True,3,True
greedy,50,3,True,True,True,3,True
greedy,51,4,True,True,True,3,True
greedy,52,5,True,True,True,3,True
greedy,53,20,True,True,True,3,True
greedy,54,4,True,True,True,3,True
greedy,55,4,True,True,True,3,True
greedy,56,4,True,True,True,3,True
greedy,57,4,True,False,True,3,False
greedy,58,4,True,True,True,3,True
greedy,59,3,True,True,False,3,False
greedy,60,3,True,True,True,3,True
greedy,61,7,True,True,True,3,True
greedy,62,4,True,True,True,3,True
greedy,63,18,True,False,True,3,False
greedy,64,3,True,True,True,3,True
greedy,65,5,True,True,True,3,True
greedy,66,3,True,True,True,3,True
greedy,67,5,True,True,True,3,True
greedy,68,4,True,True,True,3,True
greedy,69,3,True,True,True,3,True
greedy,70,5,True,True,True,3,True
greedy,71,3,True,True,True,3,True
greedy,72,4,True,True,True,3,True
greedy,73,3,True,True,True,3,True
greedy,74,5,True,True,True,3,True
greedy,75,7,True,True,True,3,True
greedy,76,4,True,True,True,3,True
greedy,77,5,True,False,True,3,False
greedy,78,3,True,True,True,3,True
greedy,79,4,True,True,True,3,True
greedy,80,5,True,True,True,3,True
greedy,81,3,True,True,True,3,True
greedy,82,3,True,True,True,3,True
greedy,83,3,True,True,True,3,True
greedy,84,3,True,True,True,3,True
greedy,85,5,True,True,True,3,True
greedy,86,3,True,True,True,3,True
greedy,87,5,True,True,True,3,True
greedy,88,3,True,True,True,3,True
greedy,89,7,True,True,True,3,True
greedy,90,4,True,True,True,3,True
greedy,91,3,True,True,True,3,True
greedy,92,4,True,True,True,3,True
greedy,93,5,True,True,True,3,True
greedy,94,8,True,True,True,3,True
greedy,95,4,True,True,False,3,False
greedy,96,4,True,True,True,3,True
greedy,97,4,True,True,True,3,True
greedy,98,3,True,True,True,3,True
greedy,99,3,True,True,True,3,True
attn,0,5,True,True,True,3,True
attn,1,4,True,True,True,3,True
attn,2,8,True,True,True,3,True
attn,3,5,True,True,True,3,True
attn,4,3,True,True,True,3,True
attn,5,5,True,True,True,3,True
attn,6,4,True,True,True,3,True
attn,7,3,True,True,True,3,True
attn,8,10,True,True,True,3,True
attn,9,3,True,True,True,3,True
attn,10,5,True,True,True,3,True
attn,11,5,True,True,True,3,True
attn,12,5,True,True,True,3,True
attn,13,4,True,True,True,3,True
attn,14,3,True,True,True,3,True
attn,15,10,True,True,True,3,True
attn,16,3,True,True,True,3,True
attn,17,5,True,True,True,3,True
attn,18,7,True,True,True,3,True
attn,19,3,True,True,True,3,True
attn,20,8,True,True,True,3,True
attn,21,5,True,True,True,3,True
attn,22,8,True,True,True,3,True
attn,23,3,True,True,True,3,True
attn,24,5,True,True,True,3,True
attn,25,3,True,True,True,3,True
attn,26,3,True,True,True,3,True
attn,27,4,True,True,True,3,True
attn,28,4,True,True,True,3,True
attn,29,3,True,True,True,3,True
attn,30,4,True,True,True,3,True
attn,31,3,True,True,False,3,False
attn,32,6,True,True,True,3,True
attn,33,7,True,True,True,3,True
attn,34,4,True,True,True,3,True
attn,35,3,True,True,True,3,True
attn,36,3,True,True,True,3,True
attn,37,3,True,True,True,3,True
attn,38,3,True,True,True,3,True
attn,39,3,True,True,True,3,True
attn,40,4,True,True,True,3,True
attn,41,3,True,True,True,3,True
attn,42,3,True,True,False,3,False
attn,43,3,True,True,True,3,True
attn,44,6,True,True,True,3,True
attn,45,5,True,True,True,3,True
attn,46,3,True,True,True,3,True
attn,47,11,True,True,True,3,True
attn,48,3,True,True,True,3,True
attn,49,5,True,True,True,3,True
attn,50,9,True,True,True,3,True
attn,51,3,True,True,True,3,True
attn,52,5,True,True,True,3,True
attn,53,3,True,True,True,3,True
attn,54,3,True,True,True,3,True
attn,55,3,True,True,True,3,True
attn,56,4,True,True,True,3,True
attn,57,4,True,False,True,3,False
attn,58,3,True,True,True,3,True
attn,59,3,True,True,True,3,True
attn,60,3,True,True,True,3,True
attn,61,3,True,True,True,3,True
attn,62,4,True,True,True,3,True
attn,63,4,True,False,False,3,False
attn,64,3,True,True,True,3,True
attn,65,5,True,True,True,3,True
attn,66,3,True,True,True,3,True
attn,67,4,True,True,True,3,True
attn,68,3,True,True,True,3,True
attn,69,5,True,True,True,3,True
attn,70,3,True,True,True,3,True
attn,71,3,True,True,True,3,True
attn,72,3,True,True,True,3,True
attn,73,4,True,True,True,3,True
attn,74,11,True,True,True,3,True
attn,75,4,True,True,True,3,True
attn,76,4,True,True,True,3,True
attn,77,4,True,False,True,3,False
attn,78,3,True,True,True,3,True
attn,79,3,True,False,True,3,False
attn,80,3,True,True,True,3,True
attn,81,4,True,True,True,3,True
attn,82,4,True,True,True,3,True
attn,83,3,True,True,True,3,True
attn,84,5,True,True,True,3,True
attn,85,4,True,True,True,3,True
attn,86,3,True,True,True,3,True
attn,87,7,True,True,True,3,True
attn,88,6,True,True,True,3,True
attn,89,4,True,True,True,3,True
attn,90,3,True,True,True,3,True
attn,91,4,True,True,True,3,True
attn,92,3,True,True,True,3,True
attn,93,3,True,True,False,3,False
attn,94,5,True,True,True,3,True
attn,95,5,True,True,True,3,True
attn,96,3,True,True,True,3,True
attn,97,3,True,True,True,3,True
attn,98,3,True,True,True,3,True
attn,99,5,True,True,True,3,True
